user,kpp_score
matteorenzi,34293.0
Montecitorio,34293.0
angelerrimo,34282.0
flavagno,34282.0
dawac72,22859.0
pdnetwork,22859.0
paolocad01,22859.0
catepol,22859.0
villaalbe,22859.0
paolo_solia,22859.0
morissese,22859.0
jacop_etti,22859.0
enzo958,22859.0
repubblicait,22859.0
mlombardo81,22859.0
MarcoMariani_IT,22859.0
PaolaVitaletti,22859.0
PiramideRossa,22859.0
Lux_Cipolletta,22859.0
CarmineQuercia,22859.0
ItaliaStartUp_,22859.0
marcomartorelli,22859.0
valiante_s,22859.0
RosaAnnaArgento,22859.0
zingaros76,22859.0
CdGherardesca,22859.0
andrealodovici3,22859.0
piercamillo,22859.0
paoloigna1,22859.0
ilghiozzo,22859.0
taddei76,22859.0
fortunatolino,22859.0
bettabettanesi,22859.0
LiberiSI_Italia,22859.0
ombradellanotte,22859.0
HORASDESIGN,22859.0
Reset_Italia,22859.0
AnnaAscani,22859.0
ivanscalfarotto,22859.0
ItaliaRecord,22859.0
seggen56,22859.0
annapaolaconcia,22859.0
straditeresa,22859.0
laurabagnoli,22859.0
fannicanelles,22859.0
Emagorno,22859.0
mariraf,22859.0
la_pippi,22859.0
VBenetello,22859.0
ersorpasso,22859.0
g_falcomata,22859.0
davidefaraone,22859.0
MarcoBernardel2,22859.0
Mosquitas77,22859.0
VanniPetrelli,22859.0
SenatoStampa,22859.0
TgrRai,22859.0
FranceManto64,22859.0
insiemesicambia,22859.0
stefanoesposito,22859.0
CiranGuccini,22859.0
politica_24,22859.0
MatteoRichetti,22859.0
orfini,22859.0
fpugliese_conad,22859.0
fabriziobarca,22859.0
p_capasso,22859.0
maurizioft,22859.0
ale_moretti,22859.0
giorgio_gori,22859.0
mipiaceBarca,22859.0
DottorWatson,22859.0
lucia_pal,22859.0
SerglocSergio,22859.0
AlessioPecoraro,22859.0
artdielle,22859.0
antgentile,22859.0
CarloStagnaro,22859.0
Marco_Casellato,22859.0
francabaratella,22859.0
siceid,22859.0
discordoconme,22859.0
assurdbanipal,22859.0
marcoregni,22859.0
ChiaraCalace,22859.0
cet_77,22859.0
Adrian_in_it,22859.0
AndreaCerase,22859.0
arzambo,22859.0
GiulioTermite,22859.0
claudiamedd,22859.0
franzfleck,22859.0
brunasaracco,22859.0
PuglisiPD,22859.0
donnadimezzo,22859.0
Insidelucart,22859.0
SteAlbamonte,22859.0
AndreaMarcucci,22859.0
ELiberati,22859.0
uscito,22859.0
emanuelefiano,22859.0
maddai_,22859.0
tritono0,22859.0
VanninoChiti,22859.0
frondolino,22859.0
5risi1,22859.0
nannaenik,22859.0
francor71282755,22859.0
GabrieleBosi,22859.0
Mariettatidei,22859.0
ManuRontini,22859.0
CanciAbo,22859.0
Ienapiangens,22859.0
LauraPuppato,22859.0
scaraurbino,22859.0
libertaediritti,22859.0
Alessandro02088,22859.0
trattovideo,22859.0
amparodelmoral1,22859.0
unitaonline,22859.0
figliodeifiori,22859.0
Molo31Monica,22859.0
Sfurmy,22859.0
TheLambkin_,22859.0
Renzoseccia,22859.0
fnicodemo,22859.0
loryianni,22859.0
8giuseppe3,22859.0
AlessiaMorani,22859.0
PeppeMorelli83,22859.0
SenVincenzo,22859.0
brasil_65,22859.0
frido1962,22859.0
PaolaMecali,22859.0
PD_Firenze,22859.0
MarcellaMelodia,22859.0
robertoerarael,22859.0
maurizio_staff,22859.0
mgulivo7,22859.0
Vanson61,22859.0
NovaVetera,22859.0
stagatocle,22859.0
PdToscana,22859.0
susanna_barina,22859.0
StefaniaVentu16,22859.0
valeriafedeli,22859.0
correntere,22859.0
zeroduePD,22859.0
ADM_assdemxmi,22859.0
giannielle1,22859.0
enzabrunobossio,22859.0
lefrasidiosho,22859.0
Antigiornalista,22859.0
enzo_salanitri,22859.0
mmauripd,22859.0
mercedesbresso,22859.0
MassimoDeMeo,22859.0
Zooppyx,22859.0
thiswas_,22859.0
robertapinotti,22859.0
DslLorenzo,22859.0
1976david,22859.0
cccricri,22859.0
Tetovaccari,22859.0
molinaro_enrico,22859.0
c_dorsi,22859.0
F_Boccia,22859.0
sirmalo,22859.0
PaolettaSusino,22859.0
bertolire,22859.0
Toni978374641,22859.0
PPBaretta,22859.0
Deputatipd,22859.0
szampa56,22859.0
guerini_lorenzo,22859.0
ecodaipalazzi,22859.0
_pp_tm_,22859.0
sarabiagiotti,22859.0
giuseppetp55,22859.0
GiovanniPezzano,22859.0
fdicos10,22859.0
DelsantoRaf,22859.0
mvguasticchi,22859.0
alessiarotta,22859.0
carloscatozza,22859.0
Geremniak,22859.0
convivioblog,22859.0
blankaut,22859.0
EnzoTiberi,22859.0
PatriceinMilano,22859.0
DarioNardella,22859.0
VeroCatania,22859.0
Marco_Espo,22859.0
ernestocaprari,22859.0
laura_coccia,22859.0
enrico_zanetti,22859.0
samualebutti,22859.0
IlMontanari,22859.0
liberidipensar,22859.0
ToninoMoscatt,22859.0
B30Luce,22859.0
giosephstop,22859.0
fareleuropaxpd,22859.0
armfel,22859.0
nomfup,22859.0
DaniloStancato,22859.0
francesca707070,22859.0
StefanoDeloren1,22859.0
giannipittella,22859.0
ClaudioVetica,22859.0
LeonelliG,22859.0
pinapic,22859.0
serracchiani,22859.0
mazzettam,22859.0
BinaryOptionEU,22859.0
lucafalc1,22859.0
ckyenge,22859.0
FIMCislStampa,22859.0
LucaBraia,22859.0
caracutaf,22859.0
AndreaOrlandosp,22859.0
AnnaLeonardi1,22859.0
gennaromigliore,22859.0
57_mimmo,22859.0
Maurizio090561,22859.0
sandropasotti,22859.0
Sassaf75,22859.0
vladfrulletti,22859.0
effe1312,22859.0
CorinziaMonfort,22859.0
AngeloBongio,22859.0
lindapieragnoli,22859.0
AssocAReS,22859.0
Serfiss,22859.0
bragachiara,22859.0
SimoneCaricato,22859.0
1970Germano,22859.0
luifam,22859.0
lucianonobili,22859.0
angealfa,22859.0
PillaPaladini,22859.0
arabatur1,22859.0
uambrosoli,22859.0
FraRomanelli,22859.0
MelantoP,22859.0
Miti_Vigliero,22859.0
lauracesaretti1,22859.0
AngoriMassi,22859.0
renatabriano,22859.0
marcocobianchi,22859.0
maumartina,22859.0
VivoliDonatella,22859.0
Maurizio_Lupi,22859.0
insiemebasta1si,22859.0
PMO_W,22859.0
MinisteroDifesa,22859.0
Agenzia_Italia,22859.0
03Stefania55,22859.0
sdavite110,22859.0
SilviaCostaEU,22859.0
DiegoCrivellari,22859.0
marielSiviglia,22859.0
cristinafavati,22859.0
ALBERTOENNA,22859.0
bastaunsi,22859.0
Lcungi,22859.0
GLucas71,22859.0
graziano_delrio,22859.0
fernandohz55,22859.0
esapelucco,22859.0
AndreaLaudadio,22859.0
amariMarisa,22859.0
universopoesia,22859.0
luisorel,22859.0
TempiReali,22859.0
LucianoCrolla,22859.0
diegobarberio,22859.0
LuciGuenz,22859.0
murgiar,22859.0
CarloDelSante,22859.0
simoni_elisa,22859.0
AdelBScott,22859.0
Gauro5,22859.0
giusyoni,22859.0
Nemomnis,22859.0
MarcoFedi58,22859.0
EnricoBorghi1,22859.0
Tomas1374,22859.0
roderiu,22859.0
dippolitowilma,22859.0
PensieroDem_,22859.0
el_maligno_m,22859.0
MadeinJapan2015,22859.0
Araett,22859.0
margherita951,22859.0
Mario34mg,22859.0
mimmomazzei,22859.0
GalloBelmax,22859.0
enrico_pagano,22859.0
MaximilianDolce,22859.0
SIPARISipari,22859.0
marcocappa_,22859.0
GennaStefano,22859.0
RaRoby56,22859.0
AndreaDisint,22859.0
BrancaFrancesc1,22859.0
SCViterbo,22859.0
SenatoriPD,22859.0
marcestruzzo,22859.0
camillafabbripd,22859.0
AntFuniciello,22859.0
sandrogozi,22859.0
EnricoColtri1,22859.0
CollinaStefano,22859.0
Wise_and_Lazy,22859.0
matteo_delve83,22859.0
GioMelandri,22859.0
mdpennalunga,22859.0
ilcarriero,22859.0
emanuelaneri14,22859.0
LuigiBrugnaro,22859.0
pasquino2000,22859.0
Donatello19,22859.0
StefiSaccardi,22859.0
BrindusaB1,22859.0
RaffaellaTaggi,22859.0
eminnucci,22859.0
morzentistefano,22859.0
SiRiforma,22859.0
m_enomis,22859.0
EugenioCardi,22859.0
agomariagreco,22859.0
tryggiu,22859.0
ragazziitalia,22859.0
GiancarloTonga,22859.0
c_briguglio,22859.0
erealacci,22859.0
RadioRadicale,22859.0
fsavorani,22859.0
paolo_cova,22859.0
Tramanera,22859.0
firenzedicesi,22859.0
ti_rossan,22859.0
GaetanoDiPalo,22859.0
straniero1946,22859.0
augustogregori3,22859.0
pietroscarpact,22859.0
bendellavedova,22859.0
FcaPitti,22859.0
GiampaoloScopa,22859.0
ala_puglia,22859.0
emaparr,22859.0
mariaireneali,22859.0
GianpieroScanu,22859.0
fedquattrocchi,22859.0
massimomarini,22859.0
Antonella180262,22859.0
BelpassiJessica,22859.0
TizianaGl60,22859.0
lorenzabo,22859.0
AntoninoCast,22859.0
serenel14278447,22859.0
gualtierieurope,22859.0
AntoDiMario,22859.0
StefanoCeccanti,22859.0
massimobrugnone,22859.0
openpolitica,22859.0
buzzico,22859.0
pietroraffa,22859.0
dianaseverati,22859.0
VincenzoPuro,22859.0
aledardes,22859.0
AMARANTINE5,22859.0
AMorzenti,22859.0
Agricolae1,22859.0
Lucia7910,22859.0
ValeriaValente_,22859.0
LiaQuartapelle,22859.0
matteoricci,22859.0
lauraboldrini,22859.0
prof1976,22859.0
stemar9288,22859.0
gdcbari,22859.0
MagdaZanonii,22859.0
MaxCharmed,22859.0
ciro_delsorbo,22859.0
MarchesiMattia,22859.0
rudyfc,22859.0
raffaellapaita,22859.0
MaranAlessandro,22859.0
GianluSaccomani,22859.0
FioriAndreetta,22859.0
lenuccia82,22859.0
ornella20211,22859.0
CChiama,22859.0
FrancescoPigno,22859.0
FabriziaGiulian,22859.0
eugeekpat,22859.0
PdCircolo,22859.0
laura_ceruti,22859.0
creativitysmart,22859.0
VEN_VIT52,22859.0
lvitellio,22859.0
GenerazioneSi,22859.0
SorMarchese78,22859.0
ernestocarbone,22859.0
cngeologi,22859.0
fbianco91,22859.0
Davide72,22859.0
JTelmont,22859.0
ezekiel,22859.0
CGiachi,22859.0
AS3691,22859.0
StefanodocSM,22859.0
MonicaLuisi,22859.0
RTrallori,22859.0
megasabgio,22859.0
amoreandrea84,22859.0
riccimeri,22859.0
AnnaBrondinoAP,22859.0
sergioragone,22859.0
bCreativo_,22859.0
michelelan,22859.0
stefanoba64,22859.0
mariellarosati,22859.0
ilaborletti,22859.0
noisiamoilpd,22859.0
DiElleTi,22859.0
edopatriarca,22859.0
ASgrulletti,22859.0
ErasmoDAngelis,22859.0
MarinaSereni,22859.0
katenever,22859.0
NICOLACATAR,22859.0
ederoclite,22859.0
jacbas90,22859.0
AlessiaFragassi,22859.0
albertopetro2,22859.0
MilaSpicola,22859.0
GiadaFazzalari,22859.0
davidealgebris,22859.0
AndreaOlivero,22859.0
TheAdviceStaff,22859.0
MilanoBastaUnSi,22859.0
andreacatizone,22859.0
silvermelluso,22859.0
GiampaoloGalli,22859.0
GLapidem,22859.0
Trelune,22859.0
CovelloStefania,22859.0
IsoldiFranco,22859.0
ErikaGamberale,22859.0
SatirSfaction,22859.0
SilvanaMarucc16,22859.0
florianademiche,22859.0
Andrea_Done,22859.0
gdnazionale,22859.0
nicoceccarini,22859.0
1966Fantozzi,22859.0
DossiCarla,22859.0
scelta_civica,22859.0
angelo_menel,22859.0
CiroSterchele,22859.0
1giornodapecora,22859.0
betman,22859.0
VirginiaInverni,22859.0
ariete8aprile,22859.0
danieletonini1,22859.0
giancalex,22859.0
enzocarnazza,22859.0
UlrikeMeinhof1,22859.0
MauriZucchi,22859.0
danielecina,22859.0
StopTTIP_Italia,22859.0
Monica_torino,22859.0
garridino,22859.0
sarabattaglia_7,22859.0
TIZIANAPOESIA,22859.0
MircoBagnari,22859.0
ar_cavaliere,22859.0
_marlene1265,22859.0
Ettore_Rosato,22859.0
are_dead,22859.0
1974Anto,22859.0
DaniloMariano90,22859.0
lorenzodalai,22859.0
seneca1900,22859.0
FraMu83,22859.0
CarloSantaroni,22859.0
s_margiotta,22859.0
AlessandroLoPr3,22859.0
Framoruso,22859.0
lctr82,22859.0
CarloMusa,22859.0
andrealoca77,22859.0
GiovanniSestit1,22859.0
bonhomme69,22859.0
mifio16,22859.0
colaianto,22859.0
soemiade,22859.0
DemetrioPecora,22859.0
nzingaretti,22859.0
ronaldinarina,22859.0
PDlondra,22859.0
sysmedia68,22859.0
TeresaBellanova,22859.0
EliaTorrisi,22859.0
MassySessa31,22859.0
PD_community,22859.0
GiammarioDiB,22859.0
eurodeputatipd,22859.0
ColombaMongiell,22859.0
troianosalvo,22859.0
NCD_tweet,22859.0
cugusi1952,22859.0
olindodenapoli,22859.0
MaurilioVitto,22859.0
GianfrancoGasb1,22859.0
LuciaTassan,22859.0
GloBackita,22859.0
PTambani,22859.0
boccalon1,22859.0
bastianelli_cla,22859.0
Luca_Coraci,22859.0
a_elle,22859.0
GGiudiceandrea,22859.0
DavideSilvestr6,22859.0
accendino1111,22859.0
l_patrizia,22859.0
sabrimondini,22859.0
jacopogiliberto,22859.0
simonaercolani,22859.0
giampietrogiova,22859.0
katnip74,22859.0
alnferrari,22859.0
IleanaArgentin,22859.0
PD_ROMA,22859.0
GiovannaBerluti,22859.0
SBarbanti,22859.0
froma01k,22859.0
RRivellini,22859.0
Camusdele,22859.0
nmonesi,22859.0
_lucaromano_,22859.0
VGentilomo,22859.0
ragionepubblica,22859.0
Lorenzo_Ruff,22859.0
moderf47,22859.0
francang1950,22859.0
Cortez1958,22859.0
AngeloR54671811,22859.0
AlfAnnunziata,22859.0
tobiazevi,22859.0
simonettatomass,22859.0
SorrentClaudia,22859.0
YanezTweetMan,22859.0
filippinipaolo1,22859.0
JEScalabria,22859.0
bisquittieri,22859.0
umbriasanitaSI,22859.0
patriziaprestip,22859.0
PBisinella,22859.0
LemmaAndrea,22859.0
PdMilano,22859.0
pdabruzzo,22859.0
BeppeSama,22859.0
DantiNicola,22859.0
donatobuc,22859.0
mparisi68,22859.0
GargiuloSara,22859.0
pdsardegna,22859.0
fairness_,22859.0
ArgoTone,22859.0
AdalucDe,22859.0
LuigiLacqua,22859.0
PierMaran,22859.0
santangeloitalo,22859.0
martamaccag2,22859.0
AndreaRomano9,22859.0
Anto6798,22859.0
nicolasslazio,22859.0
iDemLab,22859.0
giovanna_dt,22859.0
DavidErmini1,22859.0
marcodimaio,22859.0
senzasinistra,22859.0
JLTouadi,22859.0
questavoltasi,22859.0
SileoLucia,22859.0
GaspareRuiz,22859.0
GiuseppeSavino5,22859.0
itinagli,22859.0
Cinziamas,22859.0
MarcoCampagna8,22859.0
DavideDiNoi,22859.0
vitoballarino,22859.0
PaganelliLino,22859.0
fforzano,22859.0
ANTDIL,22859.0
AntonellaTomas1,22859.0
fabio_moret,22859.0
paolacsc,22859.0
DanielaDaffin,22859.0
PartSocialista,22859.0
enzosantagada,22859.0
RobRe62,22859.0
AngelisaAG,22859.0
PAGLIARIG,22859.0
rkatalano,22859.0
squopellediluna,22859.0
PsiSenato,22859.0
AntonellaGramig,22859.0
_pierini_,22859.0
lucaM1966,22859.0
GattoBrina,22859.0
warsteiner_SF,22859.0
massimoricciut,22859.0
boccadutri,22859.0
CircoloFuturist,22859.0
crislomb,22859.0
AngeloCivico,22859.0
Alberto_Zoratti,22859.0
ottogattotto,22859.0
ambiente_pd,22859.0
davide_poletti,22859.0
PDMONZABRIANZA,22859.0
RobertoTatankaa,22859.0
pietrodore69,22859.0
paolocaccamo68,22859.0
iltempopassato,22859.0
saberrasc,22859.0
DaniSbrollini,22859.0
CltOff,22859.0
TitaBart,22859.0
PD_Veneto,22859.0
VicoLudovico,22859.0
tomasonidiego,22859.0
gps72,22859.0
PaoloPappaterra,22859.0
italiachedicesi,22859.0
Oliverio_MarioG,22859.0
cristiana_viola,22859.0
mdimagritt,22859.0
Comincini,22859.0
MattHappies,22859.0
FrancescaPontan,22859.0
sbonaccini,22859.0
italia_riparte,22859.0
maurypracucci,22859.0
aureliomancuso,22859.0
giacomo_lagona,22859.0
arde75,22859.0
Biagio960,22859.0
AriannaCensi,22859.0
FBonafaccia,22859.0
comis_william,22859.0
Ciampinovotasi,22859.0
EspositoFilippo,22859.0
movittone,22859.0
frensy_f,22859.0
giampierotomas5,22859.0
AlessandroRuina,22859.0
TronconiMassimo,22859.0
coledoni,22859.0
MinnettiMassimo,22859.0
magnificosnello,22859.0
tildeblonde,22859.0
flavio78,22859.0
vigliottienzo1,22859.0
chiara_meazza,22859.0
X12RED,22859.0
RoccisanoF,22859.0
ivanovillani1,22859.0
FrancoBassanini,22859.0
MagdaCulotta,22859.0
BaioFederico,22859.0
pdcapitanata,22859.0
claudioliga63,22859.0
EMarchiafava,22859.0
Hellzapoppin80,22859.0
ManfrediTW,22859.0
MeglioUnSi,22859.0
mc_mcampo12,22859.0
RafBigCat,22859.0
donnadeipegni,22859.0
PADANO_LIBERO,22859.0
francescagraz1,22859.0
edoardopivanti,22859.0
marioafrica,22859.0
comitatoart26,22859.0
marinaterragni,22859.0
atlantide_Chris,22859.0
mario_ciliberti,22859.0
simonavitelli60,22859.0
pinobici,22859.0
alde68,22859.0
antoniobucellar,22859.0
Castaway_,22859.0
gabrieligm,22859.0
g_giuseppina,22859.0
renzinews,22859.0
SilviaFregolent,22859.0
jurimarini,22859.0
MPingerna,22859.0
70giovanni,22859.0
AntonucciAldo,22859.0
nunziarusso4,22859.0
sghi29,22859.0
vitodero,22859.0
FedericaBidiVal,22859.0
Bastaunsi_UK,22859.0
SandroBonomi2,22859.0
gioicaro,22859.0
siperilsud1,22859.0
FraMirabelli,22859.0
andrea_boscaro,22859.0
summa57,22859.0
Dertizia,22859.0
MatrixCanale5,22859.0
FrancescoBonif1,22859.0
asocialesempre,22859.0
ddgiusto,22859.0
AlvaroschAlvaro,22859.0
ilpoetaestinto,22859.0
pd_noi,22859.0
IngFerrara,22859.0
babi_lolita,22859.0
fra95it,22859.0
aldoceccarelli,22859.0
castell32082033,22859.0
RafSabb,22859.0
bastaunsibas,22859.0
pirandello11,22859.0
ChecoVenier,22859.0
carmenilaria,22859.0
astancolle,22859.0
fremebonda,22859.0
gianpierodalia,22859.0
giuseppec78,22859.0
EffeConTweet,22859.0
rugaskipper,22859.0
marcociarafoni,22859.0
stefania2205,22859.0
davidelgaudio,22859.0
bordomichele,22859.0
marcosimoni_,22859.0
Cenorava,22859.0
InnovateEurope,22859.0
MariaPiaRagosa,22859.0
GiulioVerro,22859.0
MatteoSeghezzi,22859.0
robby_ro,22859.0
alvariis,22859.0
levpetrovitch,22859.0
SergCami,22859.0
LiciaRossi2015,22859.0
LuccaperRenzi,22859.0
fortezza55,22859.0
porelmorro,22859.0
BenCharlies,22859.0
almacuba15,22859.0
robesPR1,22859.0
JunqueiroFI,22859.0
chiocchetti_mau,22859.0
giuseppegprete,22859.0
GiovaniSIcambia,22859.0
RosaMDiGiorgi,22859.0
ElisabScalambra,22859.0
lo_zio_gino,22859.0
ScipioMSC,22859.0
Falcon74A,22859.0
SurrexitVere,22859.0
Lorenza_Morello,22859.0
mtasinato,22859.0
la_sardella,22859.0
barabeke,22859.0
grullobeppe,22859.0
l_lanzillotta,22859.0
alessiabrunett,22859.0
francalanna,22859.0
martinorosario2,22859.0
Pamaldi,22859.0
stefaniapezzopa,22859.0
MaurizioCulicc1,22859.0
iomaredinverno,22859.0
Alessia_Bettini,22859.0
Nino_Germana,22859.0
LucianoLavecchi,22859.0
A_Ambrogetti,22859.0
alisabn,22859.0
danieledvpd,22859.0
eugenianicolicc,22859.0
MichelaRoi,22859.0
giu33liana,22859.0
santilligia,22859.0
GiuseppeGuerin1,22859.0
P10paola,22859.0
manfredi59,22859.0
titti_disalvo,22859.0
ANMIL_nazionale,22859.0
ManuelaCroatto,22859.0
EdiGirolami,22859.0
michebrune1,22859.0
pino_catizone,22859.0
BorioniStef,22859.0
GonzDeGadda,22859.0
thebrightside0,22859.0
giovannigostoli,22859.0
mario_riberi,22859.0
tal_Marco,22859.0
macondo83,22859.0
gianaima,22859.0
matteocavagnin1,22859.0
999nuvola,22859.0
SimyFrant,22859.0
PD_Lentate,22859.0
JoseConsilvio,22859.0
LeylaMonanni81,22859.0
FaenzaperRenzi,22859.0
dedonno67,22859.0
68kikka,22859.0
trepazia,22859.0
mzavarone,22859.0
RenatoTubere,22859.0
VaniaDelli,22859.0
itsaudade,22859.0
FilippinRosanna,22859.0
alessiodegiorgi,22859.0
Chiappuz,22859.0
PAsproni,22859.0
Am_Parente,22859.0
federicig,22859.0
mlupoi,22859.0
BaroneZaza70,22859.0
Tluigi15,22859.0
Marcopapaleo10,22859.0
Davidebaruffi,22859.0
maciampi1789,22859.0
AntoFerrantePD,22859.0
HeinrichTreviri,22859.0
ricettedifulvio,22859.0
PietroBussolati,22859.0
carmelocarat,22859.0
AntonioParisi00,22859.0
Cheru65,22859.0
Ale_DiLuzio,22859.0
enrisav,22859.0
GiordanoBattini,22859.0
Pippo_Moscuzza,22859.0
ALBERTINIGabry,22859.0
legalite952,22859.0
RCapaccioli,22859.0
LorenziTania,22859.0
AntonellaGrim,22859.0
ClarkeRuggeri,22859.0
McGadda,22859.0
Ealloraditelo,22859.0
FrancescalGin,22859.0
alessio_88,22859.0
gimo1955,22859.0
AdrianaAmodio,22859.0
nicomar2610,22859.0
AnnaBCX,22859.0
AveBicci,22859.0
BaldiniEnrica,22859.0
BGrisafi,22859.0
daniedario,22859.0
RominaMura,22859.0
anubidal,22859.0
CircoloPDPoa,22859.0
RosamariaGiu,22859.0
mariangelader,22859.0
IdoneiGdF2012,22859.0
Massimo9456,22859.0
io_tiziana,22859.0
comunevenezia,22859.0
IleP,22859.0
luciavalente_tw,22859.0
CatiaMassimi,22859.0
igolmar,22859.0
cozzolino62,22859.0
TaniuzzaCalabra,22859.0
pdcampania,22859.0
giobettarini,22859.0
Paolameno,22859.0
Gabburger,22859.0
leograd,22859.0
liber_cogitatio,22859.0
Milano_Popolare,22859.0
Mr_Torax,22859.0
RobertoReggi,22859.0
sergioalesi,22859.0
lblou,22859.0
gambettino,22859.0
Vpeluffo,22859.0
CrisGnesutta,22859.0
SaronnodiceSi,22859.0
atecheseilunica,22859.0
MariFabbri,22859.0
RaffaelePizzati,22859.0
Rita190De,22859.0
sebastianolarus,22859.0
andrearossi76,22859.0
POAxSI,22859.0
AntonioRepossi,22859.0
VittorioBotti,22859.0
paolopizzi6,22859.0
nerodiseppia56,22859.0
gsaturnini,22859.0
RudyBecciolini,22859.0
angelo_senaldi,22859.0
leonardo_marras,22859.0
marattin,22859.0
cristinasalmena,22859.0
PAOLOCARLESI,22859.0
dani0470,22859.0
BendiniBarbara,22859.0
glpaglia,22859.0
SalvTomaselli,22859.0
licia_la,22859.0
fradg22,22859.0
MarioPolese,22859.0
davidebassani,22859.0
Doctor_Stent,22859.0
PDPiemonte,22859.0
NosapaiD,22859.0
mariarosariacio,22859.0
rsimoni62,22859.0
stefipar,22859.0
EnricaFantinell,22859.0
ritalaura2000,22859.0
FimLombardia,22859.0
petruscaA,22859.0
beltra72,22859.0
ValeMercanti,22859.0
ApCamera,22859.0
andreademaria_,22859.0
paolocalvano,22859.0
GiannoneGerardo,22859.0
DimitriTinti,22859.0
BolognaxRenzi,22859.0
marcodonats,22859.0
twantonioc,22859.0
dersuchende24,22859.0
giotoni,22859.0
PDPrato,22859.0
bigimauro,22859.0
lucabambu,22859.0
LaVenittelli,22859.0
lorenzoperoni,22859.0
lucianasavarese,22859.0
net_carloni,22859.0
M_Berlinghieri,22859.0
laretedeisi,22859.0
LapoCalissi,22859.0
PietroEbner,22859.0
unoenessunoe,22859.0
mpiacenonaver1,22859.0
TarantoSi,22859.0
giusyrus,22859.0
robertabg72,22859.0
mate2411,22859.0
albipietroboni,22859.0
marianocervone,22859.0
angelinascanu,22859.0
SerenaConti_1,22859.0
enribar,22859.0
giulietino11,22859.0
elio_calidori,22859.0
PDLiguria,22859.0
Remeggiare,22859.0
EEnricoielasi,22859.0
flexinexit,22859.0
Matteo_LT,22859.0
bellini281,22859.0
matiaspiazza,22859.0
paolacaloo,22859.0
Edoenonsolo,22859.0
Paogiu,22859.0
DalessandroCam,22859.0
cinzia_ficco,22859.0
El_Nanos,22859.0
ERTIGRE2,22859.0
rcociancich,22859.0
rosalbacarbutti,22859.0
2025annamaria,22859.0
mimich58,22859.0
LauraGaravini,22859.0
NicolettaFavero,22859.0
DorellaCianci,22859.0
federicosarica,22859.0
profeta1981,22859.0
AGRAPRESS,22859.0
npreiti,22859.0
gilbertoromboli,22859.0
innovatoriumbri,22859.0
DemRif,22859.0
MarcoPizzi14,22859.0
_albos_,22859.0
dianacomari,22859.0
Gianni_Ciasullo,22859.0
MicK_ele,22859.0
1ettoreb,22859.0
veracorso2,22859.0
dcgabriele,22859.0
pierpalmariggi,22859.0
Marzia_new,22859.0
depaolismarco,22859.0
Svn_16,22859.0
osv_tosti,22859.0
paolacoccioli,22859.0
grancetto,22859.0
vrwestperrenzi,22859.0
m_giuffrida,22859.0
Abbipazienza,22859.0
carrarofabio69,22859.0
ItaliaMillennio,22859.0
FiorenzaTarenzi,22859.0
GraziaGio1,22859.0
robby671,22859.0
Qangaceiro,22859.0
amperinelli,22859.0
salvodal,22859.0
1205fiorella,22859.0
EtaBetaRadio1,22859.0
ObiOne61,22859.0
FortunatoRomeo4,22859.0
GabrielePetrone,22859.0
Giu_Lauricella,22859.0
NicKiappa,22859.0
marinabrunelli1,22859.0
niccolo_c,22859.0
wirko94,22859.0
mazzarellantoni,22859.0
FrancyP_,22859.0
burattino14,22859.0
ascenzapisoni,22859.0
Daniscandella,22859.0
Barracciu,22859.0
minGiustizia,22859.0
RFURESI,22859.0
miticofabio98,22859.0
ferrucciogaspar,22859.0
valerio_cuccuru,22859.0
SandraQuellen,22859.0
aldorosati,22859.0
CarlaTrudu,22859.0
Casti_F,22859.0
kryptondaddy,22859.0
4d06088983a44c8,22859.0
ecmosea,22859.0
lucaspagni,22859.0
Giulianodalcin1,22859.0
asagge,22859.0
continifra,22859.0
smirnoff1978,22859.0
Plinuz,22859.0
luciaperiss,22859.0
pamela_orr,22859.0
JacopoVannucchi,22859.0
BoldrinDaniela,22859.0
LucioRomano02,22859.0
pdvda,22859.0
MONICA_ARIOLI,22859.0
PapaleoDomenico,22859.0
JeanMarc1171,22859.0
scelfo,22859.0
RTgovernoRenzi,22859.0
f_ronchetti,22859.0
Nicola_Alberta,22859.0
GiovaniFimCisl,22859.0
JOBSinACTion,22859.0
GiovaDes,22859.0
pbaro,22859.0
ClaudiaMancina,22859.0
PF1970,22859.0
pruckler,22859.0
MarchionnaVania,22859.0
anto_d_63,22859.0
LucaCapra67,22859.0
paolomicheli,22859.0
PrinaFra,22859.0
tuttixgiachetti,22859.0
LiliCastellini_,22859.0
LellaNic2,22859.0
asromafollower,22859.0
RRaffone,22859.0
GiorgioPerugia,22859.0
estellamarino,22859.0
AiseStampa,22859.0
MonzaperilSi,22859.0
mauriziosantin,22859.0
GToccafondi,22859.0
danieleleone77,22859.0
alfuturosi,22859.0
marcogaius,22859.0
simona_campo,22859.0
PaoloOltolina,22859.0
Maceaster,22859.0
GianMarinelli86,22859.0
pierapis,22859.0
champion79,22859.0
morganticlaudio,22859.0
Marxtrixx,22859.0
ap_legambiente,22859.0
moicano68,22859.0
madforfree,22859.0
basilicatasi,22859.0
lagritti67,22859.0
nunziaped,22859.0
pierovalvecchia,22859.0
paoloalli,22859.0
bastaunsiRoma,22859.0
SiSituni,22859.0
elisabellamorbi,22859.0
SelvaticaGioia,22859.0
nicoirto,22859.0
FCPCottafavi,22859.0
ARTeSELEZIONE,22859.0
FaustoDeMaria,22859.0
frenkilsolito,22859.0
MarioRigoni2,22859.0
esperidi82,22859.0
AnnalisaMassar1,22859.0
IsidoroGottardo,22859.0
Gabriele_Vernuz,22859.0
ErikBurckhardt,22859.0
giovannicentore,22859.0
tommysensi,22859.0
VittorioPecorar,22859.0
antnll_24,22859.0
pdumbria,22859.0
AntonioCiontoli,22859.0
unblogpolitico,22859.0
gselvaggia,22859.0
marcoliviaroma,22859.0
AcorsiniAndrea,22859.0
mariobeccarelli,22859.0
insiemeadonzel,22859.0
FPanecaldo,22859.0
MarinaPlacidi,22859.0
MammaNunmat64,22859.0
AlessandraSerr1,22859.0
vinima77,22859.0
alinatede,22859.0
rampi,22859.0
PaoloRovis,22859.0
LaRadioNeParla,22859.0
Frank75White,22859.0
Bastaunsilugo,22859.0
lauratrevisi,22859.0
rumba15342942,22859.0
noth2loos,22859.0
delpretedavid,22859.0
webnauta59,22859.0
luisagabbi,22859.0
AlessioQuinta,22859.0
DiegoZardini,22859.0
marcobassini,22859.0
david_sarra,22859.0
FascianiRoberto,22859.0
SimonellaD,22859.0
ilnesi,22859.0
RobertoMattiaz1,22859.0
alebratti,22859.0
LucianoPetrullo,22859.0
Sergio_Cava,22859.0
leoquartana,22859.0
andr900,22859.0
Ottaviasoncini,22859.0
SnodiEU,22859.0
batmarco,22859.0
a_m_295,22859.0
ruiciccio,22859.0
ELodolini,22859.0
marcocarezzano,22859.0
AntoniaFischio,22859.0
ApSenato,22859.0
azeteo,22859.0
lopec15,22859.0
gcasarel,22859.0
TukultiPD,22859.0
danielhazan,22859.0
FimCislBergamo,22859.0
UgoQuinzi,22859.0
TheExtremista,22859.0
RosaClarice80,22859.0
FrancoPaqua,22859.0
spacecowboy31,22859.0
markor988,22859.0
d_carella,22859.0
Cighi,22859.0
tefulmino,22859.0
fracag87,22859.0
PalazzoAntonio,22859.0
marini_gian,22859.0
diloretoale,22859.0
aMusoDuro,22859.0
putipo,22859.0
TwittaRitwitta,22859.0
pagio_paola,22859.0
mattiatarelli1,22859.0
elvise1657,22859.0
GiuseppeCima,22859.0
magnigiancarlo1,22859.0
EdoscarCana,22859.0
NenciniPsi,22859.0
Sarottola_,22859.0
cirobuonajuto,22859.0
bastaunsiiiiiii,22859.0
bastaunsiiiiiii,22859.0
emmedibi,22859.0
StePassia,22859.0
simorega,22859.0
nonstop9981,22859.0
matteoculocchi,22859.0
bolognadicesi,22859.0
giancarloamodio,22859.0
mcapu100,22859.0
carmelomiceliPD,22859.0
venerandomonell,22859.0
gaiaitaliacom,22859.0
animerrante,22859.0
GiuseppBonanno,22859.0
luca___romeo,22859.0
umanesimo,22859.0
ElisaTognietti,22859.0
ivancatalanodep,22859.0
ste78bez,22859.0
lucacampitello,22859.0
KCarnasciali,22859.0
StefanoCiuoffo,22859.0
CarloAmenta1,22859.0
pierandrea1965,22859.0
hfurms,22859.0
24emilia,22859.0
ARMANDOMAGLIONE,22859.0
marioricciard18,22859.0
Alexa415,22859.0
dpetrolo,22859.0
sandrafurnari3,22859.0
zerofanzine2,22859.0
AgostinoOttavi,22859.0
SpaceCowboy21,22859.0
LeottaVi,22859.0
Arik27Giovanni,22859.0
alexfri44,22859.0
ricot75,22859.0
fulviocentoz,22859.0
mptuitter,22859.0
autodafeio,22859.0
Irishsara1980,22859.0
jerrynorman34,22859.0
CarloF0554ti,22859.0
Bernardi_UK,22859.0
pinomellone,22859.0
PDCalabria,22859.0
Paoloakita,22859.0
guidobemporad,22859.0
zapppa83,22859.0
esmecarlino,22859.0
Sanna43Sanna,22859.0
Vito_DeFilippo,22859.0
nino_lopresti,22859.0
pepper4961,22859.0
sud_delmondo,22859.0
rifarelitalia,22859.0
GiuliaTempesta,22859.0
kisskissnapoli,22859.0
CagliariSi,22859.0
IsabellaDeMonte,22859.0
AAtheMerciless,22859.0
lampis65,22859.0
FregoneseAndrea,22859.0
Monia_Merli,22859.0
licprospero,22859.0
sillacellino,22859.0
ninogeremicca,22859.0
GermanaGiani,22859.0
bolo_lo,22859.0
gpazzaglia71,22859.0
libertaegualeIT,22859.0
ilnibbioalto,22859.0
gianni956,22859.0
r_castiglia,22859.0
mirto92,22859.0
DariaInVersilia,22859.0
maxbax33,22859.0
marcobonfico,22859.0
GeCortese,22859.0
ivanve1,22859.0
maxmorinelli,22859.0
titzbiltz,22859.0
MarcoGranelliMI,22859.0
CRCalcagno,22859.0
LauraFiavor,22859.0
CarolaColnago,22859.0
FrancescoGesua7,22859.0
angelino411,22859.0
ChiccaToscana,22859.0
MonicaPaviotti,22859.0
frapuzzu,22859.0
pdpesarourbino,22859.0
pdmilano7,22859.0
JackBraca,22859.0
giuseppeoliva09,22859.0
adamoprogresso,22859.0
silviablu,22859.0
_missus_,22859.0
_missus_,22859.0
thecervs,22859.0
silvio966,22859.0
sarzanapartitod,22859.0
darietto92,22859.0
sscaramelli,22859.0
LuigiCostanzoIT,22859.0
AdrianoFrinchi,22859.0
giovy1967,22859.0
GiovanniMoglia,22859.0
coppolapaolo,22859.0
EBertolaccini,22859.0
miconsentatwitt,22859.0
claudio7373,22859.0
agiliberti51,22859.0
StefanoFedele1,22859.0
LorenzPlatania,22859.0
Chiariello_CS,22859.0
cristinamontag,22859.0
MarioLogrieco,22859.0
uomoinvisibile3,22859.0
tomtweet3,22859.0
angeluccimarian,22859.0
Brasviz1,22859.0
francasilvani,22859.0
massimocali,22859.0
mrtnrlrd,22859.0
roberto_lamela,22859.0
carsapio,22859.0
fede_bellinazzi,22859.0
fabionerd93,22859.0
Ferpi2puntozero,22859.0
ContiAlessio,22859.0
Liberi_Si,22859.0
libe12andre,22859.0
epicariello,22859.0
70sHouse,22859.0
PallacordaPD,22859.0
ziomau59,22859.0
